56035000101.00,Sublette County,Wyoming,4321,5.2,87292,1
55137960200.00,Waushara County,Wisconsin,3841,6.5,61758,1
55135100800.00,Waupaca County,Wisconsin,4711,6.6,85682,1
55135101000.00,Waupaca County,Wisconsin,6242,5.9,70106,1
55117001000.00,Sheboygan County,Wisconsin,7415,5.8,66719,1
55117010501.00,Sheboygan County,Wisconsin,7914,6.1,77278,1
55117010601.00,Sheboygan County,Wisconsin,5594,6.6,69213,1
55117010800.00,Sheboygan County,Wisconsin,3507,2,95439,1
55113100500.00,Sawyer County,Wisconsin,3394,6.8,72596,1
55101000903.00,Racine County,Wisconsin,4093,6.6,83068,1
55101001501.00,Racine County,Wisconsin,3779,5.5,79167,1
55101001504.00,Racine County,Wisconsin,2781,6.5,91172,1
55101001602.00,Racine County,Wisconsin,2949,0.2,108875,1
55101001703.00,Racine County,Wisconsin,4371,3.5,98333,1
55101001705.00,Racine County,Wisconsin,5337,5.8,99417,1
55101002001.00,Racine County,Wisconsin,2987,6.2,98065,1
55101002701.00,Racine County,Wisconsin,4048,5.4,98952,1
55101002702.00,Racine County,Wisconsin,5839,5.4,91037,1
55079000301.00,Milwaukee County,Wisconsin,1483,3.2,83875,1
55079012500.00,Milwaukee County,Wisconsin,2014,6.8,80294,1
55079030100.00,Milwaukee County,Wisconsin,4300,5.1,127667,1
55079035100.00,Milwaukee County,Wisconsin,2257,2.2,169167,1
55079035200.00,Milwaukee County,Wisconsin,4435,4.5,143095,1
55079040100.00,Milwaukee County,Wisconsin,1597,2.2,210385,1
55079060102.00,Milwaukee County,Wisconsin,3138,3.9,111471,1
55079090100.00,Milwaukee County,Wisconsin,4558,6.6,81642,1
55079100800.00,Milwaukee County,Wisconsin,2975,4.4,75139,1
55079150301.00,Milwaukee County,Wisconsin,5906,2.9,104277,1
55079150303.00,Milwaukee County,Wisconsin,4856,4.2,118942,1
55079150304.00,Milwaukee County,Wisconsin,4041,6.6,82634,1
55079160202.00,Milwaukee County,Wisconsin,7310,5.9,81395,1
55079160203.00,Milwaukee County,Wisconsin,6069,6.4,80972,1
55079160300.00,Milwaukee County,Wisconsin,9582,2.3,113347,1
55079187200.00,Milwaukee County,Wisconsin,5384,3.3,109375,1
55079187300.00,Milwaukee County,Wisconsin,6293,4.5,110650,1
55063010202.00,La Crosse County,Wisconsin,6688,2.2,93170,1
55063010401.00,La Crosse County,Wisconsin,5214,2.7,105640,1
55063010402.00,La Crosse County,Wisconsin,9163,6.4,76949,1
55059002500.00,Kenosha County,Wisconsin,3478,4.9,104167,1
55059002601.00,Kenosha County,Wisconsin,8493,5.4,107344,1
55059002602.00,Kenosha County,Wisconsin,8602,5.7,98306,1
55059002903.00,Kenosha County,Wisconsin,3210,3.1,86250,1
55025000201.00,Dane County,Wisconsin,2149,5.4,102206,1
55025000205.00,Dane County,Wisconsin,5131,1.5,119830,1
55025000401.00,Dane County,Wisconsin,3148,3.5,108472,1
55025000406.00,Dane County,Wisconsin,2968,4,100278,1
55025000504.00,Dane County,Wisconsin,6738,2.8,103425,1
55025002302.00,Dane County,Wisconsin,1810,5.8,102500,1
55025002800.00,Dane County,Wisconsin,2233,4.7,78152,1
55025003100.00,Dane County,Wisconsin,6422,5.9,88345,1
55025010200.00,Dane County,Wisconsin,1268,0.7,188750,1
55025010300.00,Dane County,Wisconsin,3404,4.5,105455,1
55025010400.00,Dane County,Wisconsin,3299,6.7,108589,1
55025010501.00,Dane County,Wisconsin,2817,5.3,99511,1
55025010502.00,Dane County,Wisconsin,7766,2.5,103678,1
55025010701.00,Dane County,Wisconsin,5952,4.3,127768,1
55025010702.00,Dane County,Wisconsin,6290,2.8,113529,1
55025010800.00,Dane County,Wisconsin,10625,1.8,125035,1
55025010901.00,Dane County,Wisconsin,5652,3.9,125682,1
55025010903.00,Dane County,Wisconsin,2541,2,143551,1
55025011102.00,Dane County,Wisconsin,8031,4.5,103665,1
55025011200.00,Dane County,Wisconsin,8440,3.2,133790,1
55025011301.00,Dane County,Wisconsin,6317,4.2,133750,1
55025011401.00,Dane County,Wisconsin,6647,5,105278,1
55025011402.00,Dane County,Wisconsin,9048,1.3,96270,1
55025012001.00,Dane County,Wisconsin,8321,6.1,100284,1
55025012202.00,Dane County,Wisconsin,6774,5.2,85915,1
55025012300.00,Dane County,Wisconsin,5304,6.1,82744,1
55025012400.00,Dane County,Wisconsin,4805,3.2,113750,1
55025012501.00,Dane County,Wisconsin,6551,4.9,95388,1
55025012800.00,Dane County,Wisconsin,7688,5.5,93264,1
55025013000.00,Dane County,Wisconsin,4220,2.4,98553,1
55025013302.00,Dane County,Wisconsin,5620,6.7,99153,1
55025013700.00,Dane County,Wisconsin,4644,4.8,115938,1
55015020303.00,Calumet County,Wisconsin,3878,5.9,61627,1
55015020308.00,Calumet County,Wisconsin,2997,4.7,116583,1
55015020700.00,Calumet County,Wisconsin,4136,0.9,118995,1
55015020800.00,Calumet County,Wisconsin,5558,6.2,108240,1
54011002000.00,Cabell County,West Virginia,3194,6,86719,1
55035000501.00,Eau Claire County,Wisconsin,4864,2.4,75990,1
55035000801.00,Eau Claire County,Wisconsin,3544,1.6,83993,1
55035000802.00,Eau Claire County,Wisconsin,3801,6.9,79886,1
55035001500.00,Eau Claire County,Wisconsin,3288,6.9,79904,1
53073000804.00,Whatcom County,Washington,6642,6.2,104315,1
53073000805.00,Whatcom County,Washington,4966,6.1,75685,1
53073010303.00,Whatcom County,Washington,5103,6.2,77428,1
53061040100.00,Snohomish County,Washington,5382,5.4,96181,1
53061041301.00,Snohomish County,Washington,5117,1.2,132991,1
53061041304.00,Snohomish County,Washington,2870,5,144167,1
53061041601.00,Snohomish County,Washington,5498,5.3,104935,1
53061041607.00,Snohomish County,Washington,3657,0.9,129022,1
53061041608.00,Snohomish County,Washington,6264,1.1,126097,1
53061041901.00,Snohomish County,Washington,4073,6.8,70284,1
53061042001.00,Snohomish County,Washington,5921,2.2,123750,1
53061042003.00,Snohomish County,Washington,3336,1.5,140000,1
53061042005.00,Snohomish County,Washington,5177,4.2,162361,1
53061050101.00,Snohomish County,Washington,2686,5.3,125644,1
53061050200.00,Snohomish County,Washington,4154,3.1,126111,1
53061050300.00,Snohomish County,Washington,5327,2.9,120547,1
53061050401.00,Snohomish County,Washington,7052,4.3,115473,1
53061050402.00,Snohomish County,Washington,5352,5.7,122167,1
53061050500.00,Snohomish County,Washington,6594,6.4,111581,1
53061050600.00,Snohomish County,Washington,1271,3.3,208750,1
53061051913.00,Snohomish County,Washington,4202,6.4,129167,1
53061051914.00,Snohomish County,Washington,4052,4.2,127063,1
53061051915.00,Snohomish County,Washington,6863,5,113694,1
53061051916.00,Snohomish County,Washington,3677,5.4,125368,1
53061051917.00,Snohomish County,Washington,4045,1.5,126389,1
53061051921.00,Snohomish County,Washington,3882,6.2,110428,1
53061051922.00,Snohomish County,Washington,4687,5.5,132303,1
53061051923.00,Snohomish County,Washington,4745,4.5,110000,1
53061051924.00,Snohomish County,Washington,5974,3.8,98088,1
53061051925.00,Snohomish County,Washington,6295,6.1,145839,1
53061051927.00,Snohomish County,Washington,4714,3.3,115082,1
53061052003.00,Snohomish County,Washington,7273,4.3,135099,1
53061052005.00,Snohomish County,Washington,5491,3.2,138432,1
53061052006.00,Snohomish County,Washington,4248,4,126739,1
53061052007.00,Snohomish County,Washington,4663,3.1,129437,1
53061052108.00,Snohomish County,Washington,5814,1.9,148750,1
53061052112.00,Snohomish County,Washington,2607,6,124135,1
53061052113.00,Snohomish County,Washington,3006,5.1,119732,1
53061052114.00,Snohomish County,Washington,4988,0.1,138289,1
53061052118.00,Snohomish County,Washington,6843,2.5,124981,1
53061052203.00,Snohomish County,Washington,5213,5.1,122045,1
53061052204.00,Snohomish County,Washington,5345,1.5,108958,1
53061052502.00,Snohomish County,Washington,4334,2.7,112383,1
53061052503.00,Snohomish County,Washington,6788,6.6,99712,1
53061052603.00,Snohomish County,Washington,2434,6.3,92216,1
53061052606.00,Snohomish County,Washington,5125,5.9,96473,1
53061052607.00,Snohomish County,Washington,5851,2.5,106494,1
53061052706.00,Snohomish County,Washington,5311,6.6,92583,1
53061052707.00,Snohomish County,Washington,3554,1,125000,1
53061052708.00,Snohomish County,Washington,5344,1.1,105339,1
53061052803.00,Snohomish County,Washington,5103,5.7,81976,1
53061052804.00,Snohomish County,Washington,6971,6.9,91406,1
53061052906.00,Snohomish County,Washington,4445,6.5,82465,1
53061053504.00,Snohomish County,Washington,6383,5,90729,1
53061053802.00,Snohomish County,Washington,5394,6.6,84388,1
53057940200.00,Skagit County,Washington,2181,5.5,86354,1
53057940400.00,Skagit County,Washington,6839,6.8,90893,1
53057951900.00,Skagit County,Washington,3519,5.5,90938,1
53035090502.00,Kitsap County,Washington,4559,5.7,100450,1
53035090700.00,Kitsap County,Washington,5183,4.1,143963,1
53035090800.00,Kitsap County,Washington,4169,4,135885,1
53035091000.00,Kitsap County,Washington,6641,3.1,142604,1
53035091100.00,Kitsap County,Washington,4866,4,94107,1
53035091203.00,Kitsap County,Washington,7182,2.9,78846,1
53035091302.00,Kitsap County,Washington,5609,6.3,126069,1
53035091400.00,Kitsap County,Washington,3093,6.1,103535,1
53035091500.00,Kitsap County,Washington,3968,5,95345,1
53035091600.00,Kitsap County,Washington,6356,6.2,78071,1
53035091800.00,Kitsap County,Washington,2944,2.6,91550,1
53035092701.00,Kitsap County,Washington,4639,3.7,100564,1
53035092801.00,Kitsap County,Washington,4311,5.7,92623,1
53007960700.00,Chelan County,Washington,3455,3.4,104107,1
53007961301.00,Chelan County,Washington,1327,3.9,97500,1
53003960200.00,Asotin County,Washington,4542,6.9,68558,1
51840000202.00,Winchester city,Virginia,5736,5.5,120294,1
51770002900.00,Roanoke city,Virginia,5130,6.1,125625,1
51770003100.00,Roanoke city,Virginia,3837,4,68125,1
51730811100.00,Petersburg city,Virginia,2883,6.5,58214,1
51683910100.00,Manassas city,Virginia,4213,1.9,103476,1
51683910402.00,Manassas city,Virginia,5013,3.2,135625,1
51680000201.00,Lynchburg city,Virginia,6181,2.8,101535,1
51550020001.00,Chesapeake city,Virginia,1530,1.8,89375,1
51550020806.00,Chesapeake city,Virginia,6839,4.2,93735,1
51550021006.00,Chesapeake city,Virginia,7933,6.2,101866,1
51550021009.00,Chesapeake city,Virginia,4262,3.3,129625,1
51550021011.00,Chesapeake city,Virginia,3483,3.3,127770,1
51550021012.00,Chesapeake city,Virginia,6109,5.9,102932,1
51550021013.00,Chesapeake city,Virginia,4670,2.3,133250,1
51550021101.00,Chesapeake city,Virginia,5079,5.2,117391,1
51550021301.00,Chesapeake city,Virginia,5396,6.7,100349,1
51550021302.00,Chesapeake city,Virginia,9658,2.2,111518,1
51177020107.00,Spotsylvania County,Virginia,1806,2.8,117500,1
51177020111.00,Spotsylvania County,Virginia,2380,3.1,95417,1
51177020112.00,Spotsylvania County,Virginia,2774,6.9,111250,1
51177020113.00,Spotsylvania County,Virginia,4341,4,104125,1
51177020203.00,Spotsylvania County,Virginia,4844,4.1,120250,1
51177020304.00,Spotsylvania County,Virginia,4180,6.3,85229,1
51177020306.00,Spotsylvania County,Virginia,5247,5.8,104107,1
51177020307.00,Spotsylvania County,Virginia,3580,6,95565,1
51177020308.00,Spotsylvania County,Virginia,3756,3.3,109301,1
51177020309.00,Spotsylvania County,Virginia,5649,6.3,96089,1
51161030201.00,Roanoke County,Virginia,4533,4.6,77325,1
51161030203.00,Roanoke County,Virginia,3975,0.7,92500,1
51161030205.00,Roanoke County,Virginia,3875,5,86083,1
51161030701.00,Roanoke County,Virginia,6715,4.5,103720,1
51161030802.00,Roanoke County,Virginia,4713,2.7,91820,1
51161031201.00,Roanoke County,Virginia,4971,4.6,79625,1
51161031202.00,Roanoke County,Virginia,6152,6.5,97670,1
51153900701.00,Prince William County,Virginia,4976,2.2,67340,1
51153900801.00,Prince William County,Virginia,5385,5.7,148750,1
51153901005.00,Prince William County,Virginia,4363,1.3,170755,1
51153901009.00,Prince William County,Virginia,6829,1.6,157336,1
51153901011.00,Prince William County,Virginia,5456,4.7,153333,1
51153901219.00,Prince William County,Virginia,5519,3.8,160208,1
51153901222.00,Prince William County,Virginia,2604,5.2,98643,1
51153901229.00,Prince William County,Virginia,3888,4,118158,1
51153901231.00,Prince William County,Virginia,5593,3.6,170156,1
51153901232.00,Prince William County,Virginia,4417,1.2,137368,1
51153901233.00,Prince William County,Virginia,7077,1.4,149583,1
51153901234.00,Prince William County,Virginia,2774,1.5,165804,1
51153901235.00,Prince William County,Virginia,3052,0.4,176167,1
51153901236.00,Prince William County,Virginia,4102,5.6,127888,1
51153901303.00,Prince William County,Virginia,4585,2,159028,1
51153901304.00,Prince William County,Virginia,2451,4.1,114821,1
51153901306.00,Prince William County,Virginia,5211,1,140568,1
51153901409.00,Prince William County,Virginia,6135,3.2,124831,1
51153901410.00,Prince William County,Virginia,7472,1.9,163000,1
51153901411.00,Prince William County,Virginia,5491,1.5,197813,1
51153901412.00,Prince William County,Virginia,5768,1,137961,1
51153901413.00,Prince William County,Virginia,4100,1.5,129816,1
51153901503.00,Prince William County,Virginia,5781,3.5,178594,1
51153901504.00,Prince William County,Virginia,3460,2.6,105491,1
51153901505.00,Prince William County,Virginia,6860,1.2,177560,1
51153901508.00,Prince William County,Virginia,4218,2.4,142760,1
51153901510.00,Prince William County,Virginia,4908,1.1,149306,1
51147930203.00,Prince Edward County,Virginia,2399,0,,1
51107610400.00,Loudoun County,Virginia,4447,2.3,157857,1
51107610503.00,Loudoun County,Virginia,7104,3.4,170238,1
51107610504.00,Loudoun County,Virginia,6850,0.8,121875,1
51107610507.00,Loudoun County,Virginia,6305,3.7,177292,1
51107610601.00,Loudoun County,Virginia,6930,5.1,158320,1
51107610604.00,Loudoun County,Virginia,6547,5.9,144938,1
51107610701.00,Loudoun County,Virginia,4662,0.9,153527,1
51107611009.00,Loudoun County,Virginia,5410,2.3,216818,1
51107611010.00,Loudoun County,Virginia,1617,4,116667,1
51107611012.00,Loudoun County,Virginia,4313,3,215395,1
51107611022.00,Loudoun County,Virginia,5872,3.1,194219,1
51107611023.00,Loudoun County,Virginia,5746,3,196285,1
51107611101.00,Loudoun County,Virginia,4329,2.8,107344,1
51107611102.00,Loudoun County,Virginia,6053,2.4,167808,1
51107611202.00,Loudoun County,Virginia,4744,6.5,157340,1
51107611206.00,Loudoun County,Virginia,4226,1.5,149538,1
51107611208.00,Loudoun County,Virginia,4253,0.7,196806,1
51107611209.00,Loudoun County,Virginia,6503,3.7,157632,1
51107611801.00,Loudoun County,Virginia,5571,1.9,141111,1
51107611802.00,Loudoun County,Virginia,8426,3.3,149904,1
51107611803.00,Loudoun County,Virginia,5775,3,158906,1
51107611805.00,Loudoun County,Virginia,5110,3,171382,1
51107611806.00,Loudoun County,Virginia,5935,1.4,184500,1
51107611900.00,Loudoun County,Virginia,6862,2.4,193550,1
51107980100.00,Loudoun County,Virginia,2,0,,1
51101950300.00,King William County,Virginia,3415,4.8,75000,1
51093280104.00,Isle of Wight County,Virginia,4454,3.8,109554,1
51087200107.00,Henrico County,Virginia,7854,6.5,108500,1
51087200109.00,Henrico County,Virginia,3636,1,168333,1
51087200116.00,Henrico County,Virginia,5689,2.1,111375,1
51087200119.00,Henrico County,Virginia,9108,4.3,123281,1
51087200127.00,Henrico County,Virginia,5419,6.6,115369,1
51087200129.00,Henrico County,Virginia,11764,2.9,164657,1
51087200130.00,Henrico County,Virginia,7140,1.1,179215,1
51087200201.00,Henrico County,Virginia,2645,4.1,111513,1
51087200202.00,Henrico County,Virginia,3914,1.4,134183,1
51087200406.00,Henrico County,Virginia,8986,2.2,115789,1
51087200502.00,Henrico County,Virginia,2061,5,83512,1
51087200503.00,Henrico County,Virginia,3769,6,79678,1
51087200600.00,Henrico County,Virginia,4839,6,71010,1
51087200801.00,Henrico County,Virginia,3167,6.3,71274,1
51087200904.00,Henrico County,Virginia,6057,4,97831,1
51087200905.00,Henrico County,Virginia,5046,6.8,74028,1
51065020102.00,Fluvanna County,Virginia,9341,2.8,92870,1
51061930302.00,Fauquier County,Virginia,7449,5.1,113889,1
51061930303.00,Fauquier County,Virginia,3613,4.7,127567,1
51061930402.00,Fauquier County,Virginia,5714,3.3,135719,1
51059415700.00,Fairfax County,Virginia,3821,0.5,208750,1
51059415800.00,Fairfax County,Virginia,4752,1.8,188906,1
51059415900.00,Fairfax County,Virginia,3160,5.4,180972,1
51059416100.00,Fairfax County,Virginia,3734,4.9,203167,1
51059416200.00,Fairfax County,Virginia,5280,4.9,78906,1
51059420201.00,Fairfax County,Virginia,3672,4.1,140962,1
51059421101.00,Fairfax County,Virginia,5683,2,142632,1
51059421103.00,Fairfax County,Virginia,5261,2.4,162788,1
51059421200.00,Fairfax County,Virginia,1926,0.8,140909,1
51059421300.00,Fairfax County,Virginia,3690,1.6,154115,1
51059422000.00,Fairfax County,Virginia,3439,4.8,128882,1
51059422201.00,Fairfax County,Virginia,3394,0,180147,1
51059422403.00,Fairfax County,Virginia,2695,2.5,174010,1
51059430500.00,Fairfax County,Virginia,1690,0.7,151111,1
51059430802.00,Fairfax County,Virginia,4197,4.3,113047,1
51059431300.00,Fairfax County,Virginia,4234,2.5,155461,1
51059431400.00,Fairfax County,Virginia,4283,3,140444,1
51059431500.00,Fairfax County,Virginia,5325,3.1,165208,1
51059432500.00,Fairfax County,Virginia,5417,1.3,163125,1
51059432600.00,Fairfax County,Virginia,4783,0.2,180547,1
51059432701.00,Fairfax County,Virginia,3210,0.4,163315,1
51059432702.00,Fairfax County,Virginia,4325,4.5,106088,1
51059440100.00,Fairfax County,Virginia,7135,3.2,183875,1
51059440300.00,Fairfax County,Virginia,2665,2.8,186683,1
51059440702.00,Fairfax County,Virginia,5151,1.5,149635,1
51059440800.00,Fairfax County,Virginia,5874,6.8,173679,1
51059450400.00,Fairfax County,Virginia,2631,4.7,183875,1
51059450701.00,Fairfax County,Virginia,2779,4.6,150000,1
51059450800.00,Fairfax County,Virginia,3321,4.4,99205,1
51059450900.00,Fairfax County,Virginia,1688,2,180714,1
51059452501.00,Fairfax County,Virginia,3873,0.7,130982,1
51059460100.00,Fairfax County,Virginia,4286,0.7,243077,1
51059460200.00,Fairfax County,Virginia,3973,1.1,239750,1
51059460300.00,Fairfax County,Virginia,2830,1.3,228125,1
51059460501.00,Fairfax County,Virginia,2599,3.4,230132,1
51059460502.00,Fairfax County,Virginia,6708,6.7,178664,1
51059461100.00,Fairfax County,Virginia,7336,6.3,196949,1
51059461201.00,Fairfax County,Virginia,4424,2.6,217000,1
51059461802.00,Fairfax County,Virginia,5167,5.9,130171,1
51059470100.00,Fairfax County,Virginia,2732,0.6,250001,1
51059470300.00,Fairfax County,Virginia,3253,1.9,237841,1
51059470400.00,Fairfax County,Virginia,4843,2.4,245903,1
51059470500.00,Fairfax County,Virginia,5403,3.7,250001,1
51059470800.00,Fairfax County,Virginia,2988,3.8,200000,1
51059470900.00,Fairfax County,Virginia,7263,1.7,234375,1
51059480100.00,Fairfax County,Virginia,4239,3.2,237857,1
51059480201.00,Fairfax County,Virginia,4592,3.1,250001,1
51059480300.00,Fairfax County,Virginia,7105,4,250001,1
51059480401.00,Fairfax County,Virginia,4526,2.6,224559,1
51059480402.00,Fairfax County,Virginia,5936,2.7,239375,1
51059480501.00,Fairfax County,Virginia,3604,2.3,235982,1
51059480502.00,Fairfax County,Virginia,5784,0.7,176944,1
51059480503.00,Fairfax County,Virginia,3401,1,165977,1
51059481400.00,Fairfax County,Virginia,6298,4.5,144821,1
51059481500.00,Fairfax County,Virginia,2289,2.9,198068,1
51059481600.00,Fairfax County,Virginia,3392,4.9,250001,1
51059481701.00,Fairfax County,Virginia,6078,1.4,208649,1
51059481702.00,Fairfax County,Virginia,4136,5,133375,1
51059482001.00,Fairfax County,Virginia,4801,2.3,188984,1
51059482400.00,Fairfax County,Virginia,2378,3.1,226761,1
51059482504.00,Fairfax County,Virginia,5416,2.7,210800,1
51059482602.00,Fairfax County,Virginia,6971,2.3,185137,1
51059490502.00,Fairfax County,Virginia,6312,1.2,203921,1
51059491101.00,Fairfax County,Virginia,3847,3.3,187794,1
51059491102.00,Fairfax County,Virginia,3507,2,156146,1
51059491403.00,Fairfax County,Virginia,3689,2.8,203438,1
51059491404.00,Fairfax County,Virginia,3960,1.9,149643,1
51059491405.00,Fairfax County,Virginia,2790,1.7,217917,1
51059491502.00,Fairfax County,Virginia,7079,1.5,192050,1
51059492000.00,Fairfax County,Virginia,6449,1.8,248672,1
51059492100.00,Fairfax County,Virginia,6313,2.6,214717,1
51059492202.00,Fairfax County,Virginia,6844,0.8,196042,1
51059492203.00,Fairfax County,Virginia,4065,1,217292,1
51059492300.00,Fairfax County,Virginia,3330,3.2,140250,1
51059492400.00,Fairfax County,Virginia,4603,4.8,125682,1
51059980300.00,Fairfax County,Virginia,4,0,,1
51047930201.00,Culpeper County,Virginia,7174,3,93936,1
51023040501.00,Botetourt County,Virginia,6330,6.4,90514,1
51015070600.00,Augusta County,Virginia,9218,6.4,82877,1
51015070700.00,Augusta County,Virginia,6689,6.2,79143,1
51015071102.00,Augusta County,Virginia,5735,3.1,80647,1
51013100100.00,Arlington County,Virginia,4672,1.2,218917,1
51013100300.00,Arlington County,Virginia,6213,0.9,250001,1
51013100400.00,Arlington County,Virginia,3502,2.6,250001,1
50021962600.00,Rutland County,Vermont,2326,3.7,68026,1
50021963000.00,Rutland County,Vermont,4371,4.7,79755,1
49057201400.00,Weber County,Utah,3187,5.3,94038,1
49057210201.00,Weber County,Utah,4395,1.3,101061,1
49057210203.00,Weber County,Utah,2695,2.9,84688,1
49057210204.00,Weber County,Utah,4402,3.5,74984,1
49057210302.00,Weber County,Utah,7864,5.4,78434,1
49057210303.00,Weber County,Utah,6959,2.6,102932,1
49057210402.00,Weber County,Utah,6740,2.5,97932,1
49057210403.00,Weber County,Utah,7621,5.9,96905,1
49057210504.00,Weber County,Utah,8708,2.4,106086,1
49057210511.00,Weber County,Utah,3909,6.1,78750,1
49057210900.00,Weber County,Utah,6316,4,83393,1
49057211000.00,Weber County,Utah,3073,6.8,65536,1
49057211201.00,Weber County,Utah,4452,5.2,93419,1
49057211202.00,Weber County,Utah,6531,5.5,69796,1
49049000104.00,Utah County,Utah,3058,6.8,92031,1
49049000105.00,Utah County,Utah,4117,5.2,92393,1
49049000205.00,Utah County,Utah,3739,4.5,99313,1
49049000206.00,Utah County,Utah,3473,1.8,96607,1
49049000504.00,Utah County,Utah,4076,4.5,77669,1
49049000507.00,Utah County,Utah,2207,2.5,87273,1
49049000604.00,Utah County,Utah,3068,3.4,128359,1
49049000710.00,Utah County,Utah,3070,2.6,128125,1
49049001501.00,Utah County,Utah,3827,4.7,93839,1
49049003001.00,Utah County,Utah,4165,5.2,73056,1
49049003104.00,Utah County,Utah,3868,0.9,116591,1
49049003203.00,Utah County,Utah,4097,4.6,93889,1
49049010105.00,Utah County,Utah,7564,2.6,85941,1
49049010106.00,Utah County,Utah,4105,1.9,104330,1
49049010108.00,Utah County,Utah,6504,6.8,81811,1
49049010109.00,Utah County,Utah,6936,1.9,86081,1
49049010110.00,Utah County,Utah,1397,2.7,92250,1
49049010112.00,Utah County,Utah,4884,5.1,88588,1
49049010113.00,Utah County,Utah,4725,2.3,101971,1
49049010208.00,Utah County,Utah,3934,1.5,136081,1
49049010209.00,Utah County,Utah,5475,4.7,134028,1
49049010210.00,Utah County,Utah,6070,1.8,116458,1
49049010211.00,Utah County,Utah,3246,4.9,140000,1
49049010213.00,Utah County,Utah,2610,2.8,138000,1
49049010215.00,Utah County,Utah,7171,6.2,98578,1
49049010216.00,Utah County,Utah,2699,1.5,103229,1
49049010218.00,Utah County,Utah,5615,3.8,140000,1
49049010219.00,Utah County,Utah,4591,2.8,130069,1
49049010303.00,Utah County,Utah,4256,1.3,108622,1
49049010305.00,Utah County,Utah,2800,2,118950,1
49049010404.00,Utah County,Utah,4531,5.6,89013,1
49049010406.00,Utah County,Utah,1999,2.5,108068,1
49049010407.00,Utah County,Utah,2560,3.4,92083,1
49049010408.00,Utah County,Utah,3530,3.3,101645,1
49049010409.00,Utah County,Utah,2677,5.9,81741,1
49045130703.00,Tooele County,Utah,6997,3.4,81403,1
49045131100.00,Tooele County,Utah,7415,6.5,64925,1
49045131200.00,Tooele County,Utah,3400,4.3,69922,1
49005000201.00,Cache County,Utah,3228,5.1,66194,1
49005001101.00,Cache County,Utah,5596,6.8,77431,1
49005001201.00,Cache County,Utah,4955,5.4,88287,1
49005001202.00,Cache County,Utah,5387,3.2,87946,1
48497150101.00,Wise County,Texas,3382,6.1,85511,1
48479001722.00,Webb County,Texas,6378,6.3,123590,1
48479980000.00,Webb County,Texas,2,0,,1
48469001400.00,Victoria County,Texas,7982,5.9,86049,1
48469001606.00,Victoria County,Texas,7563,4.1,101875,1
48453000102.00,Travis County,Texas,2552,1.7,190000,1
48453001705.00,Travis County,Texas,4662,3.4,225208,1
48453001714.00,Travis County,Texas,13159,3.9,147640,1
48453001716.00,Travis County,Texas,5039,2.6,168304,1
48453001719.00,Travis County,Texas,3793,3.1,180789,1
48453001728.00,Travis County,Texas,6952,5.3,90625,1
48453001737.00,Travis County,Texas,10039,2.1,126833,1
48453001738.00,Travis County,Texas,6647,5.7,122917,1
48453001754.00,Travis County,Texas,4599,3.5,104754,1
48453001755.00,Travis County,Texas,5769,2.3,200156,1
48453001760.00,Travis County,Texas,14256,1.6,188887,1
48453001761.00,Travis County,Texas,7022,3.3,197969,1
48453001765.00,Travis County,Texas,12976,1.8,160912,1
48453001769.00,Travis County,Texas,5374,3.6,123275,1
48453001770.00,Travis County,Texas,11417,3.1,164167,1
48453001771.00,Travis County,Texas,4229,4.9,148750,1
48453001772.00,Travis County,Texas,3095,5.6,80896,1
48453001773.00,Travis County,Texas,5387,5.8,153857,1
48453001774.00,Travis County,Texas,8161,2.1,115867,1
48453001777.00,Travis County,Texas,5535,6.8,102355,1
48453001778.00,Travis County,Texas,3909,2.3,114044,1
48453001779.00,Travis County,Texas,5715,3.9,87471,1
48453001781.00,Travis County,Texas,2251,3.6,129659,1
48453001782.00,Travis County,Texas,4955,1.2,176750,1
48453001783.00,Travis County,Texas,5180,3.2,144688,1
48453001784.00,Travis County,Texas,5552,2.5,173333,1
48453001828.00,Travis County,Texas,3943,2.5,113984,1
48453001839.00,Travis County,Texas,7267,6.4,81719,1
48453001846.00,Travis County,Texas,2379,2,140313,1
48453001855.00,Travis County,Texas,13259,6.8,92083,1
48453001858.00,Travis County,Texas,15316,2,117793,1
48453001861.00,Travis County,Texas,4545,5.2,88409,1
48453001912.00,Travis County,Texas,4162,6.3,227417,1
48453001913.00,Travis County,Texas,4865,2.5,237750,1
48453001914.00,Travis County,Texas,6013,3.6,151593,1
48453001916.00,Travis County,Texas,3188,1.6,219219,1
48453001917.00,Travis County,Texas,4709,4.7,188289,1
48453001918.00,Travis County,Texas,2291,2.4,192857,1
48453002423.00,Travis County,Texas,5383,5.9,70076,1
48453002426.00,Travis County,Texas,7490,4.5,82626,1
48453002428.00,Travis County,Texas,5618,4.3,88996,1
48451001500.00,Tom Green County,Texas,2249,0,44722,1
48451001704.00,Tom Green County,Texas,7661,6.1,78318,1
48451001707.00,Tom Green County,Texas,5162,5.7,97425,1
48451980000.00,Tom Green County,Texas,2,0,,1
48439105507.00,Tarrant County,Texas,6609,3.6,127890,1
48439106400.00,Tarrant County,Texas,2154,6.7,60769,1
48439106509.00,Tarrant County,Texas,4019,5.8,96250,1
48439106510.00,Tarrant County,Texas,8129,3.3,99144,1
48439110806.00,Tarrant County,Texas,4580,6.9,90000,1
48439110809.00,Tarrant County,Texas,1839,4.2,103088,1
48439110901.00,Tarrant County,Texas,4414,4.1,96705,1
48439110905.00,Tarrant County,Texas,4336,3,104028,1
48439110907.00,Tarrant County,Texas,2993,3.2,105153,1
48439111008.00,Tarrant County,Texas,7216,5.4,74646,1
48439111011.00,Tarrant County,Texas,9155,4.4,77647,1
48439111016.00,Tarrant County,Texas,9243,4,97861,1
48439111017.00,Tarrant County,Texas,10274,5,113289,1
48439111018.00,Tarrant County,Texas,2219,4,116364,1
48439111301.00,Tarrant County,Texas,9405,5.8,97724,1
48439111309.00,Tarrant County,Texas,4713,6.6,78272,1
48439111311.00,Tarrant County,Texas,6124,4.3,119712,1
48439111312.00,Tarrant County,Texas,3440,4.7,148454,1
48439111313.00,Tarrant County,Texas,5826,2.2,124754,1
48439111314.00,Tarrant County,Texas,4167,0.5,122558,1
48439111406.00,Tarrant County,Texas,3707,1,114516,1
48439111408.00,Tarrant County,Texas,2967,3.1,111875,1
48439111409.00,Tarrant County,Texas,5071,1.7,127429,1
48439111529.00,Tarrant County,Texas,4023,5.4,98393,1
48439111537.00,Tarrant County,Texas,6880,6.8,68550,1
48439111540.00,Tarrant County,Texas,6270,4,81453,1
48439111542.00,Tarrant County,Texas,6211,1.5,94866,1
48439111546.00,Tarrant County,Texas,6389,3.1,95956,1
48439111547.00,Tarrant County,Texas,15275,5.8,73048,1
48439111548.00,Tarrant County,Texas,7361,3.1,106098,1
48439111549.00,Tarrant County,Texas,6408,3.7,128618,1
48439113001.00,Tarrant County,Texas,3797,0.6,99167,1
48439113114.00,Tarrant County,Texas,3899,4.2,90313,1
48439113207.00,Tarrant County,Texas,4221,2,103935,1
48439113210.00,Tarrant County,Texas,6724,4.5,104265,1
48439113218.00,Tarrant County,Texas,2390,4.9,103958,1
48439113221.00,Tarrant County,Texas,4798,5.9,86169,1
48439113511.00,Tarrant County,Texas,3683,2.8,73438,1
48439113512.00,Tarrant County,Texas,5529,4.9,64318,1
48439113519.00,Tarrant County,Texas,5917,3.8,110888,1
48439113520.00,Tarrant County,Texas,5208,5.3,87391,1
48439113610.00,Tarrant County,Texas,11126,3.6,175888,1
48439113618.00,Tarrant County,Texas,5600,5.7,74929,1
48439113622.00,Tarrant County,Texas,5773,2.4,178526,1
48439113625.00,Tarrant County,Texas,3295,0.4,125701,1
48439113626.00,Tarrant County,Texas,3753,3.9,98333,1
48439113632.00,Tarrant County,Texas,5005,3.4,154420,1
48439113633.00,Tarrant County,Texas,3968,1.6,149766,1
48439113634.00,Tarrant County,Texas,4969,2.1,206310,1
48439113703.00,Tarrant County,Texas,9179,5.8,111507,1
48439113707.00,Tarrant County,Texas,4957,4.5,135833,1
48439113808.00,Tarrant County,Texas,6349,4.8,78217,1
48439113813.00,Tarrant County,Texas,4961,1.2,146493,1
48439113814.00,Tarrant County,Texas,3963,0.4,158036,1
48439113815.00,Tarrant County,Texas,5659,1.6,210372,1
48439113816.00,Tarrant County,Texas,5141,0.7,161188,1
48439113906.00,Tarrant County,Texas,5793,1.9,234907,1
48439113907.00,Tarrant County,Texas,6340,1.5,250001,1
48439113908.00,Tarrant County,Texas,5261,0.3,244464,1
48439113909.00,Tarrant County,Texas,7189,4.1,233021,1
48439113910.00,Tarrant County,Texas,8081,2.5,202572,1
48439113923.00,Tarrant County,Texas,2797,5.7,92875,1
48439113925.00,Tarrant County,Texas,3905,5.3,84375,1
48439113926.00,Tarrant County,Texas,12227,2.3,100146,1
48439113928.00,Tarrant County,Texas,8356,2.3,98350,1
48439113929.00,Tarrant County,Texas,8361,0.3,123266,1
48439114003.00,Tarrant County,Texas,7560,4.8,83061,1
48439114007.00,Tarrant County,Texas,13123,3.1,90330,1
48439114102.00,Tarrant County,Texas,8097,3.9,131866,1
48439114103.00,Tarrant County,Texas,20164,5.3,110580,1
48439121606.00,Tarrant County,Texas,3318,1.8,129500,1
48439121608.00,Tarrant County,Texas,5173,4.4,82000,1
48439121609.00,Tarrant County,Texas,6056,2.3,135703,1
48401950800.00,Rusk County,Texas,4302,5.7,54353,1
48397040101.00,Rockwall County,Texas,6253,1.3,108750,1
48397040200.00,Rockwall County,Texas,4430,2,123170,1
48397040504.00,Rockwall County,Texas,6206,2.9,143758,1
48397040506.00,Rockwall County,Texas,6592,4.7,159453,1
48389950400.00,Reeves County,Texas,4095,2.8,81563,1
48367140502.00,Parker County,Texas,6475,6.4,88615,1
48367140602.00,Parker County,Texas,9585,4.2,88338,1
48367140706.00,Parker County,Texas,6557,2.3,120328,1
48355001802.00,Nueces County,Texas,2310,5,54303,1
48355002706.00,Nueces County,Texas,1267,0,,1
48355002900.00,Nueces County,Texas,798,1.1,55313,1
48355003101.00,Nueces County,Texas,5714,4.8,84979,1
48355003202.00,Nueces County,Texas,5059,6.9,94955,1
48355005404.00,Nueces County,Texas,2310,3.3,99531,1
48355005407.00,Nueces County,Texas,2207,5.3,99773,1
48355005408.00,Nueces County,Texas,4265,5.4,92117,1
48355005409.00,Nueces County,Texas,3687,3.2,102675,1
48355005412.00,Nueces County,Texas,4813,6.4,100640,1
48355005414.00,Nueces County,Texas,1895,4.2,112417,1
48355005415.00,Nueces County,Texas,4516,5,91607,1
48355005416.00,Nueces County,Texas,3406,4.1,157793,1
48355005417.00,Nueces County,Texas,4265,3.8,93594,1
48355005801.00,Nueces County,Texas,6285,4,120156,1
48355006200.00,Nueces County,Texas,9235,4.6,107247,1
48303010407.00,Lubbock County,Texas,7179,2,97415,1
53033000500.00,King County,Washington,3165,2.9,156776,1
53033000900.00,King County,Washington,2019,4.5,179375,1
53033004100.00,King County,Washington,7789,6.1,210230,1
53033006100.00,King County,Washington,4796,5.7,151141,1
53033006200.00,King County,Washington,3848,4.5,209306,1
53033009701.00,King County,Washington,5290,3.6,154975,1
53033010200.00,King County,Washington,4835,4.1,149886,1
53033011300.00,King County,Washington,5984,5.7,69697,1
53033012100.00,King County,Washington,2681,1.3,139946,1
53033020100.00,King County,Washington,3156,4.6,140234,1
53033021500.00,King County,Washington,4294,4.2,138594,1
53033021802.00,King County,Washington,5401,4.6,121471,1
53033022001.00,King County,Washington,4738,4.6,123468,1
53033022102.00,King County,Washington,5871,2.9,136958,1
53033022203.00,King County,Washington,4865,6.2,158594,1
53033022300.00,King County,Washington,2681,3.3,176471,1
53033022400.00,King County,Washington,7935,6.2,161058,1
53033022801.00,King County,Washington,8314,4.8,111393,1
53033022803.00,King County,Washington,4987,5.2,144848,1
53033022901.00,King County,Washington,2924,4.7,152102,1
53033022902.00,King County,Washington,6299,3.6,177879,1
53033023000.00,King County,Washington,5190,5,153826,1
53033023100.00,King County,Washington,3792,4.6,126618,1
53033023403.00,King County,Washington,3888,4.6,139688,1
53033023404.00,King County,Washington,3321,1.9,173224,1
53033023700.00,King County,Washington,3971,2.3,163239,1
53033024100.00,King County,Washington,4379,4.2,245526,1
53033024200.00,King County,Washington,2953,4.1,250001,1
53033024500.00,King County,Washington,4595,3.5,224091,1
53033024601.00,King County,Washington,4302,3.5,223068,1
53033024702.00,King County,Washington,7058,5.7,141548,1
53033024901.00,King County,Washington,5017,1.5,153629,1
53033024903.00,King County,Washington,6864,2.7,184625,1
53033025003.00,King County,Washington,6817,2.6,163964,1
53033025005.00,King County,Washington,4645,4,168816,1
53033025102.00,King County,Washington,7456,4.7,109688,1
53033025601.00,King County,Washington,4941,6.7,79663,1
53033025602.00,King County,Washington,5474,5.3,120333,1
53033025702.00,King County,Washington,3495,3.2,109833,1
53033025805.00,King County,Washington,4551,5,70517,1
53033026300.00,King County,Washington,1626,3.4,95592,1
53033027800.00,King County,Washington,3290,2.7,112031,1
53033029205.00,King County,Washington,4602,6.2,78269,1
53033029304.00,King County,Washington,4836,2.9,96167,1
53033029307.00,King County,Washington,3883,2.7,107813,1
53033029406.00,King County,Washington,5004,5.7,103451,1
53033029602.00,King County,Washington,5462,3.3,117384,1
53033030401.00,King County,Washington,8134,5.6,93036,1
53033030404.00,King County,Washington,4208,5.7,106042,1
53033030902.00,King County,Washington,5605,6.4,57207,1
53033031204.00,King County,Washington,6038,2.4,115638,1
53033031604.00,King County,Washington,4797,5.1,98049,1
53033031605.00,King County,Washington,3589,4.3,122788,1
53033031703.00,King County,Washington,6649,2.8,105625,1
53033031704.00,King County,Washington,5539,5.4,99917,1
53033031705.00,King County,Washington,3744,3.2,112059,1
53033031903.00,King County,Washington,6411,2.7,128185,1
53033032005.00,King County,Washington,6457,2.7,98224,1
53033032007.00,King County,Washington,3457,1.2,123370,1
53033032008.00,King County,Washington,4090,4,99083,1
53033032010.00,King County,Washington,5175,6.8,133469,1
53033032203.00,King County,Washington,6638,2.4,160595,1
53033032207.00,King County,Washington,3254,2.3,174167,1
53033032208.00,King County,Washington,7936,4.5,145929,1
53033032211.00,King County,Washington,4803,1.5,158963,1
53033032213.00,King County,Washington,4376,0.1,175046,1
53033032214.00,King County,Washington,6264,1.6,181597,1
53033032307.00,King County,Washington,6368,2.2,166607,1
53033032311.00,King County,Washington,5837,1.3,138750,1
53033032313.00,King County,Washington,5576,4.7,127014,1
53033032315.00,King County,Washington,5256,3.3,163919,1
53033032316.00,King County,Washington,5495,2.7,190395,1
53033032317.00,King County,Washington,6038,2.9,183141,1
53033032318.00,King County,Washington,5646,2,186544,1
53033032319.00,King County,Washington,4703,5,108886,1
53033032320.00,King County,Washington,4205,1.5,174310,1
53033032321.00,King County,Washington,4959,2.7,213536,1
53033032322.00,King County,Washington,3344,0.3,178969,1
53033032323.00,King County,Washington,5483,3.3,157591,1
53033032326.00,King County,Washington,3762,5.9,215530,1
53033032327.00,King County,Washington,3834,2,119830,1
53033032328.00,King County,Washington,3245,3.6,167373,1
53033032329.00,King County,Washington,6599,2.1,185229,1
53033032602.00,King County,Washington,11041,1.3,157911,1
53033032703.00,King County,Washington,2020,3.7,112679,1
53033032800.00,King County,Washington,2851,2.3,115000,1
48265960200.00,Kerr County,Texas,3384,5,86964,1
48209010909.00,Hays County,Texas,5191,4.4,91752,1
48209010910.00,Hays County,Texas,7943,5.2,78686,1
48205950200.00,Hartley County,Texas,6062,6.3,66161,1
48167720200.00,Galveston County,Texas,4465,4.7,135444,1
48167720302.00,Galveston County,Texas,7004,2.6,137759,1
48167720400.00,Galveston County,Texas,5923,2.6,191000,1
48167720503.00,Galveston County,Texas,14007,2.4,130733,1
48167720600.00,Galveston County,Texas,11205,0.6,114617,1
48167720700.00,Galveston County,Texas,9369,5.4,115224,1
48167721202.00,Galveston County,Texas,3126,4.9,111250,1
48167721400.00,Galveston County,Texas,7164,5.1,106903,1
48167721500.00,Galveston County,Texas,6767,3.7,127054,1
48167723501.00,Galveston County,Texas,1021,6.1,82546,1
48167723502.00,Galveston County,Texas,8883,5.1,98297,1
48157670901.00,Fort Bend County,Texas,10214,1.1,115813,1
48157670902.00,Fort Bend County,Texas,5020,4.6,86944,1
48157671001.00,Fort Bend County,Texas,5412,3.9,104649,1
48157671501.00,Fort Bend County,Texas,7785,5,124628,1
48157671800.00,Fort Bend County,Texas,3011,5.8,60946,1
48157672100.00,Fort Bend County,Texas,4386,4,145385,1
48157672200.00,Fort Bend County,Texas,3031,3.3,95486,1
48157672800.00,Fort Bend County,Texas,8069,5.8,97406,1
48157672900.00,Fort Bend County,Texas,28537,5.4,98875,1
48157673003.00,Fort Bend County,Texas,12920,0.8,165493,1
48157673101.00,Fort Bend County,Texas,33201,3.1,156440,1
48157673102.00,Fort Bend County,Texas,15344,6.9,135000,1
48157673600.00,Fort Bend County,Texas,6966,6.5,106403,1
48157673901.00,Fort Bend County,Texas,8763,1.1,169375,1
48157673902.00,Fort Bend County,Texas,5679,5.1,180931,1
48157674100.00,Fort Bend County,Texas,6922,5.6,117212,1
48157674200.00,Fort Bend County,Texas,5600,0.4,222059,1
48157674400.00,Fort Bend County,Texas,10074,5.4,176291,1
48157674501.00,Fort Bend County,Texas,6603,1.5,129310,1
48157674602.00,Fort Bend County,Texas,7641,1.1,151250,1
48157674603.00,Fort Bend County,Texas,5999,6.9,96496,1
48157674604.00,Fort Bend County,Texas,4607,1.2,133333,1
48157675500.00,Fort Bend County,Texas,11151,4.7,92706,1
48157675600.00,Fort Bend County,Texas,5808,2.5,83775,1
38093967000.00,Stutsman County,North Dakota,2555,6.8,92986,1
48099010503.00,Coryell County,Texas,2614,0,,1
48099010803.00,Coryell County,Texas,2651,2.8,85556,1
48069950100.00,Castro County,Texas,1267,4,79167,1
37035010501.00,Catawba County,North Carolina,3753,3.8,87396,1
37035011701.00,Catawba County,North Carolina,4280,6.9,77083,1
48053960200.00,Burnet County,Texas,2714,4.4,81833,1
48041000103.00,Brazos County,Texas,1837,5,83491,1
48041002008.00,Brazos County,Texas,5883,3.4,108977,1
48041002009.00,Brazos County,Texas,4310,2.8,135093,1
48041002015.00,Brazos County,Texas,8987,0,,1
48035950700.00,Bosque County,Texas,2444,6.8,61953,1
51099040100.00,King George County,Virginia,4977,5.1,96343,1
48033950100.00,Borden County,Texas,641,2.6,96691,1
48441012000.00,Taylor County,Texas,1921,6.7,117841,1
48441012700.00,Taylor County,Texas,7647,6.5,86977,1
48025950100.00,Bee County,Texas,2002,4.2,63938,1
13057090300.00,Cherokee County,Georgia,11555,2.2,97034,1
13057090502.00,Cherokee County,Georgia,12065,0.7,123750,1
13057090701.00,Cherokee County,Georgia,19523,6.8,100573,1
13057090901.00,Cherokee County,Georgia,7119,2.3,102799,1
13057090902.00,Cherokee County,Georgia,13319,3.7,114345,1
13057091007.00,Cherokee County,Georgia,6618,2.9,119458,1
13057091008.00,Cherokee County,Georgia,8676,6.7,106885,1
13057091101.00,Cherokee County,Georgia,5557,4.8,87125,1
19035080200.00,Cherokee County,Iowa,2498,5,77396,1
37073970100.00,Gates County,North Carolina,4684,6.8,58727,1
40031000403.00,Comanche County,Oklahoma,4769,3.7,84821,1
40031002404.00,Comanche County,Oklahoma,6551,6.9,57554,1
18127050203.00,Porter County,Indiana,6659,4.4,101948,1
18127050405.00,Porter County,Indiana,1110,3.2,128438,1
18127050602.00,Porter County,Indiana,4437,3.4,94274,1
18127050603.00,Porter County,Indiana,3413,1.7,125688,1
18127050604.00,Porter County,Indiana,8091,4.7,92651,1
18127051005.00,Porter County,Indiana,4425,2,121458,1
18127980001.00,Porter County,Indiana,5,0,,1
47119010202.00,Maury County,Tennessee,7235,6.7,78318,1
47119010801.00,Maury County,Tennessee,3433,5.9,72045,1
4015953200.00,Mohave County,Arizona,2657,4,71250,1
4015953300.00,Mohave County,Arizona,6256,3.8,63727,1
6077003114.00,San Joaquin County,California,10129,4,127008,1